TrendID,TrendName,Description,StartDate,EndDate
1,Smartphone Growth,Increase in smartphone sales due to new releases,2024-01-01,2024-03-31
2,4K TV Demand,High demand for 4K TVs during holiday sales,2023-11-01,2024-01-15
3,Remote Work Equipment,Increase in sales of home office equipment,2023-09-01,2024-01-31
4,Health Conscious Products,Rise in demand for health-related products,2024-01-01,2024-06-30
5,Outdoor Gear Surge,High sales of outdoor gear during summer,2024-05-01,2024-08-31
6,Gaming Console Popularity,Increase in sales of gaming consoles,2023-12-01,2024-02-29
7,Smart Home Devices,Growth in smart home device adoption,2024-01-01,2024-12-31
8,Office Furniture Upgrade,High demand for new office furniture,2024-03-01,2024-06-30
9,Kitchen Appliance Innovations,Rise in interest for advanced kitchen appliances,2024-02-01,2024-07-31
10,Seasonal Discounts,Sales boost due to seasonal promotions,2024-01-01,2024-03-31
11,Portable Electronics,Increase in sales of portable electronics,2024-01-01,2024-04-30
12,Health Tech Growth,Increase in demand for health tech devices,2024-01-01,2024-06-30
13,Smartwatch Adoption,Rise in adoption of smartwatches,2023-11-01,2024-03-31
14,Home Improvement Projects,Increase in home improvement product sales,2024-01-01,2024-05-31
15,Personal Care Products,Rise in sales of personal care products,2024-01-01,2024-07-31
16,Travel Accessories Growth,Increase in demand for travel accessories,2024-01-01,2024-03-31
17,Digital Camera Trends,Growth in digital camera sales,2023-12-01,2024-03-31
18,Educational Technology,Increase in sales of educational tech products,2024-01-01,2024-06-30
19,Smart Appliance Adoption,Rise in adoption of smart appliances,2024-02-01,2024-07-31
20,Pet Products Surge,Increase in sales of pet products,2024-01-01,2024-04-30
21,Home Security System Growth,Rise in home security system sales,2024-01-01,2024-05-31
22,Energy Efficient Products,Increase in demand for energy-efficient products,2024-01-01,2024-08-31
23,Online Shopping Trends,Increase in online shopping and e-commerce sales,2024-01-01,2024-12-31
24,Smart Device Integration,Growth in integration of smart devices in homes,2024-01-01,2024-09-30
25,Subscription Services Rise,Increase in subscription-based services,2024-01-01,2024-12-31
26,DIY Home Improvement,Surge in DIY home improvement projects,2024-03-01,2024-09-30
27,Portable Battery Packs,Rise in demand for portable battery packs,2024-01-01,2024-04-30
28,Outdoor Furniture Trends,Growth in sales of outdoor furniture,2024-04-01,2024-08-31
29,Smart Technology Adoption,Increase in adoption of smart technology,2024-01-01,2024-12-31
30,Health and Wellness Products,Rise in sales of health and wellness products,2024-01-01,2024-06-30
31,Virtual Reality Growth,Increase in interest in virtual reality products,2024-01-01,2024-05-31
32,Home Automation Trends,Growth in home automation technology,2024-01-01,2024-12-31
33,High-Tech Gadgets,Rise in sales of high-tech gadgets,2024-01-01,2024-06-30
34,Consumer Electronics Growth,Increase in sales of consumer electronics,2024-01-01,2024-12-31
35,Portable Entertainment,Increase in demand for portable entertainment devices,2024-01-01,2024-03-31
36,Smart Wearables Trends,Growth in sales of smart wearables,2024-02-01,2024-07-31
37,Home Improvement Tools,Rise in sales of home improvement tools,2024-03-01,2024-08-31
38,Travel Comfort Products,Increase in demand for travel comfort products,2024-01-01,2024-04-30
39,Energy Efficient Appliances,Rise in sales of energy-efficient appliances,2024-01-01,2024-05-31
40,Personal Electronics Growth,Increase in personal electronics sales,2024-01-01,2024-06-30
41,Smartphone Upgrades,Growth in sales of upgraded smartphones,2024-01-01,2024-03-31
42,High-Performance Computers,Increase in demand for high-performance computers,2024-01-01,2024-07-31
43,Advanced Kitchen Tools,Rise in sales of advanced kitchen tools,2024-02-01,2024-06-30
44,Pet Care Trends,Increase in sales of pet care products,2024-01-01,2024-04-30
45,Seasonal Product Trends,Surge in sales of seasonal products,2024-01-01,2024-12-31
46,Compact Electronics,Rise in sales of compact electronic devices,2024-01-01,2024-05-31
47,Smart Outdoor Products,Increase in demand for smart outdoor products,2024-01-01,2024-07-31
48,Tech Innovations Growth,Surge in sales of new tech innovations,2024-01-01,2024-12-31
49,Affordable Electronics,Rise in sales of affordable electronics,2024-01-01,2024-06-30
50,Digital Lifestyle Trends,Increase in products related to digital lifestyle,2024-01-01,2024-12-31
